{"loss": 0.03740831003422207, "epoch": 99, "_timestamp": 1691751673.3851438, "_runtime": 1278.689906835556, "_step": 99, "_wandb": {"runtime": 1277}}