{"loss": 0.050503034029288775, "epoch": 5, "_timestamp": 1691741839.7697442, "_runtime": 97.62712526321411, "_step": 5}