{"loss": 0.03474373370409012, "epoch": 0, "_timestamp": 1691750130.916374, "_runtime": 299.81105399131775, "_step": 1682}