{"loss": 0.030983183532953262, "epoch": 0, "_timestamp": 1691749724.2910204, "_runtime": 101.74507927894592, "_step": 857}