{"loss": 0.05027764822889317, "epoch": 26, "_timestamp": 1691742716.101206, "_runtime": 500.8909909725189, "_step": 26, "_wandb": {"runtime": 499}}